<?xml version="1.0"?>

<!-- This file defines the units of measurement used by the application(s). -->
<!-- The formula used to relate a particular unit to its equivalent in metres is
     [x(a1/a2) + b]=x in metres.  If a2 = 1 the formula can be simplified to [x(a) + b]. -->
<!-- The "Resolution Factor" tag refers to the default resolution (number of decimals)
     used by the application for calculations.  The default value is 10 if nothing else is specified.
     It is not recommended to have a number greater than 15. -->
<!-- The "Precision" tag refers to the default precision (number of decimals) displayed by the application.
     E.g. "2" means two decimals places will be displayed. -->
<!-- Units used for measuring depth are fixed.  These include Metres, Int. Feet, US Survey Feet,
     Int. Fathoms, and US Survey Fathoms. -->
<!-- Last Modification Date: 04-Nov-2003 by Kevin Wilson -->
	<!-- Added Square Nautical Miles -->
	<!-- Added Square Fathoms (US Survey and International) -->
	<!-- Added "Resolution Factor" tag.  See above for details. -->
	<!-- Added US Survey Feet/Second --> 
	<!-- Replaced "a1/a2" to "a" where "a2" was equal to 1 -->
	<!-- Updated version number -->
<!-- Last Modification Date: 12-Jul-2005 by Luis Pontes -->
	<!-- Changed Nautical Miles to Int. Nautical Miles -->
	<!-- Changed Int. entries (such as Int. Feet) to Imperial (such as Imperial Feet) -->
	<!-- Added US Survey Miles -->
<!-- Last Modification Date: 07-Sep-2005 by Kevin Humar-Barrett -->
	<!-- Added Seconds, Minutes, and Hours -->
	<!-- Updated version number to 2.2 -->

<UnitsTable>
	<Version Number="2.2"/>
	<Resolution Factor="10"/>
	<System Key="SI" Name="Metric System">
		<Type Key="length" Name="Length">
			<Unit Key="m" Name="Metres" Label="m" a="1" b="0" Precision="3"/>
			<Unit Key="km" Name="Kilometres" Label="km" a="1000" b="0" Precision="3"/>
			<Unit Key="nm" Name="Int. Nautical Miles" Label="NM" a="1852" b="0" Precision="3"/>
		</Type>
		<Type Key="area" Name="Area">
			<Unit Key="m2" Name="Square Metres" Label="m^2" a="1" b="0" Precision="3"/>
			<Unit Key="km2" Name="Square Kilometres" Label="km^2" a="1000000" b="0" Precision="3"/>
			<Unit Key="nm2" Name="Square Nautical Miles" Label="NM^2" a="3429904" b="0" Precision="3"/>
		</Type>
		<Type Key="volume" Name="Volume">
			<Unit Key="m3" Name="Cubic Metres" Label="m^3" a="1" b="0" Precision="3"/>
		</Type>
		<Type Key="speed" Name="Speed">
			<Unit Key="m/s" Name="Metres/Second" Label="m/s" a="1" b="0" Precision="3"/>
			<Unit Key="km/h" Name="Kilometres/Hour" Label="km/h" a1="1000" a2="3600" b="0" Precision="3"/>
			<Unit Key="kn" Name="Knots" Label="kn" a1="1852" a2="3600" b="0" Precision="3"/>
		</Type>
		<Type Key="angular" Name="Angular">
			<Unit Key="rad" Name="radians" Label="rad" a="1" b="0" Precision="3"/>
			<Unit Key="deg" Name="decimal degrees" Label="deg" a1="pi" a2="180" b="0" Precision="3"/>
		</Type>
		<Type Key="angular speed" Name="angular speed">
			<Unit Key="rad/s" Name="Radians / Second" Label="rad/s" a="1" b="0" Precision="3"/>
			<Unit Key="deg/s" Name="Decimal Degrees / Second" Label="deg/s" a1="pi" a2="180" b="0" Precision="3"/>
		</Type>
		<Type Key="time" Name="Time">
			<Unit Key="sec" Name="Seconds" Label="sec" a="1" b="0" Precision="3"/>
			<Unit Key="min" Name="Minutes" Label="min" a="60" b="0" Precision="3"/>
			<Unit Key="hour" Name="Hours" Label="hrs" a="3600" b="0" Precision="3"/>
			<Unit Key="day" Name="Days" Label="day" a="86400" b="0" Precision="3"/>
			<Unit Key="week" Name="Weeks" Label="week" a="604800" b="0" Precision="3"/>
		</Type>
	</System>
	<System Key="UK-Imp" Name="British Imperial">
		<Type Key="length" Name="length">
			<Unit Key="ft" Name="Imperial Feet" Label="ft" a="0.3048" b="0" Precision="3"/>
			<Unit Key="fm" Name="Imperial Fathoms" Label="fm" a="1.8288" b="0" Precision="3"/>
		</Type>
	</System>
	<System Key="US-Imp" Name="US Imperial">
		<Type Key="length" Name="length">
			<Unit Key="usmi" Name="US Survey Miles" Label="mi" a1="6336000" a2="3937" b="0" Precision="3"/>
			<Unit Key="usnm" Name="US Survey Nautical Miles" Label="NM" a="1853.249" b="0" Precision="3"/>
		</Type>
	</System>
	<Directions>
		<Ground>
			<Unit Key="m"/>
			<Unit Key="km"/>
			<Unit Key="nm"/>
			<Unit Key="ft"/>
			<Unit Key="yd"/>
			<Unit Key="mi"/>
			<Unit Key="usft"/>
			<Unit Key="usyd"/>
			<Unit Key="usmi"/>
		</Ground>
		<Depth>
			<Unit Key="m"/>
			<Unit Key="ft"/>
			<Unit Key="fm"/>
			<Unit Key="usft"/>
			<Unit Key="usfm"/>
		</Depth>
		<Height>
			<Unit Key="m"/>
			<Unit Key="ft"/>
			<Unit Key="yd"/>
			<Unit Key="usft"/>
			<Unit Key="usyd"/>
		</Height>
	</Directions>
</UnitsTable>
