<?xml version="1.0" encoding="UTF-8" ?>
<ProductTable version="2.0" title="Product descriptions" type="S-57 ENC and AML">
  <product id="0 NOAA" version="Version 5.6" key="GENERIC">
    <prsp value="31"/>
    <psdn value="Final Feature File Product Specification" />
    <prof base="1" revision="2"/>
    <sted value="3.1"/>
    <pred value="2.0"/>
    <lines_as_arcs value="F"/>
        <usages>
            <band value="1" intu="1" description="Overview" />
            <band value="2" intu="2" description="General" />
            <band value="3" intu="3" description="Coastal" />
            <band value="4" intu="4" description="Approach" />
            <band value="5" intu="5" description="Harbour" />
            <band value="6" intu="6" description="Berthing" />
        </usages>
        <catalogue value="NOAA Profile Version 5.6" />
        <group_table value="%S57Config%/system/ENCGroupTable.xml" />
        <national_attributes>
            <acronym value="NINFOM" />
            <acronym value="NOBJNM" />
            <acronym value="NPLDST" />
            <acronym value="$NTXST" />
            <acronym value="NTXTDS" />
        </national_attributes>
        <units type="depth">
            <ApplySoundingRoundingToDepthAttributes/>
			<unit id="1" description="metres">
				<RoundingRules>
					<Rule>NOAA Metres</Rule>
				</RoundingRules>
			</unit>
        </units>
        <units type="height">
            <unit id="1" description="metres" />
        </units>
        <units type="positional accuracy">
            <unit id="1" description="metres" />
        </units>
        <datums type="horizontal">
            <dat id="2" description="WGS 84" />
        </datums>
        <datums type="vertical">
            <dat id="13" description="Low Water" />
            <dat id="16" description="Mean High Water" />
            <dat id="25" description="International Great Lakes Datum 1985" />
        </datums>
    <datums type="sounding">
      <dat id="12" description="Mean Lower Low Water"/>
      <dat id="13" description="Low Water"/>
      <dat id="25" description="International Great Lakes Datum 1985"/>
    </datums>
        <lexicalLevels type="ATTF">
            <level id="0" description="Lexical Level 0" />
            <level id="1" description="Lexical Level 1" />
        </lexicalLevels>
        <lexicalLevels type="NATF">
            <level id="0" description="Lexical Level 0" />
            <level id="1" description="Lexical Level 1" />
            <level id="2" description="Lexical Level 2" />
        </lexicalLevels>
	<dataSetName minIDCodeLen="1" maxIDCodeLen="21">
  		<prefixes>
     			<prefix value="H"/>
     			<prefix value="F"/>
     			<prefix value="D"/>
     			<prefix value="W"/>
  		</prefixes>
	</dataSetName>
      <ProductFileZResolution value="0.00001"/>
      </product>
	  <product id="ENC" version="3.1" key="ENC">
        <prsp value="1" />
        <psdn value="" />
        <prof base="1" revision="2" />
        <sted value="3.1" />
        <pred value="2.0" />
        <lines_as_arcs value="F" />
        <usages>
            <band value="1" intu="1" description="Overview" />
            <band value="2" intu="2" description="General" />
            <band value="3" intu="3" description="Coastal" />
            <band value="4" intu="4" description="Approach" />
            <band value="5" intu="5" description="Harbour" />
            <band value="6" intu="6" description="Berthing" />
        </usages>
        <catalogue value="S-57 ENC 3.1" />
        <group_table value="%S57Config%/system/ENCGroupTable.xml" />
        <national_attributes>
            <acronym value="NINFOM" />
            <acronym value="NOBJNM" />
            <acronym value="NPLDST" />
            <acronym value="$NTXST" />
            <acronym value="NTXTDS" />
        </national_attributes>
        <units type="depth">
            <unit id="1" description="metres" />
        </units>
        <units type="height">
            <unit id="1" description="metres" />
        </units>
        <units type="positional accuracy">
            <unit id="1" description="metres" />
        </units>
        <datums type="horizontal">
            <dat id="2" description="WGS 84" />
        </datums>
        <datums type="vertical">
            <dat id="1" description="Mean low water springs" />
            <dat id="2" description="Mean lower low water springs" />
            <dat id="3" description="Mean sea level" />
            <dat id="4" description="Lowest Low Water" />
            <dat id="5" description="Mean Low Water" />
            <dat id="6" description="Lowest Low Water Springs" />
            <dat id="7" description="Approximate Mean Low Water Springs" />
            <dat id="8" description="Indian Spring Low Water" />
            <dat id="9" description="Low Water Springs" />
            <dat id="10" description="Approximate Lowest Astronomical Tide" />
            <dat id="11" description="Nearly Lowest Low Water" />
            <dat id="12" description="Mean Lower Low Water" />
            <dat id="13" description="Low Water" />
            <dat id="14" description="Approximate Mean Low Water" />
            <dat id="15" description="Approximate Mean Lower Low Water" />
            <dat id="16" description="Mean High Water" />
            <dat id="17" description="Mean High Water Springs" />
            <dat id="18" description="High Water" />
            <dat id="19" description="Approximate Mean Sea Level" />
            <dat id="20" description="High Water Springs" />
            <dat id="21" description="Mean Higher High Water" />
            <dat id="22" description="Equinoctial Spring Low Water" />
            <dat id="23" description="Lowest Astronomical Tide" />
            <dat id="24" description="Local Datum" />
            <dat id="25" description="International Great Lakes Datum 1985" />
            <dat id="26" description="Mean Water Level" />
            <dat id="27" description="Lower Low Water Large Tide" />
            <dat id="28" description="Higher High Water Large Tide" />
            <dat id="29" description="Nearly Highest High Water" />
            <dat id="30" description="Highest Astronomical Tide (HAT)" />
        </datums>
        <datums type="sounding">
            <dat id="1" description="Mean low water springs" />
            <dat id="2" description="Mean lower low water springs" />
            <dat id="3" description="Mean sea level" />
            <dat id="4" description="Lowest Low Water" />
            <dat id="5" description="Mean Low Water" />
            <dat id="6" description="Lowest Low Water Springs" />
            <dat id="7" description="Approximate Mean Low Water Springs" />
            <dat id="8" description="Indian Spring Low Water" />
            <dat id="9" description="Low Water Springs" />
            <dat id="10" description="Approximate Lowest Astronomical Tide" />
            <dat id="11" description="Nearly Lowest Low Water" />
            <dat id="12" description="Mean Lower Low Water" />
            <dat id="13" description="Low Water" />
            <dat id="14" description="Approximate Mean Low Water" />
            <dat id="15" description="Approximate Mean Lower Low Water" />
            <dat id="16" description="Mean High Water" />
            <dat id="17" description="Mean High Water Springs" />
            <dat id="18" description="High Water" />
            <dat id="19" description="Approximate Mean Sea Level" />
            <dat id="20" description="High Water Springs" />
            <dat id="21" description="Mean Higher High Water" />
            <dat id="22" description="Equinoctial Spring Low Water" />
            <dat id="23" description="Lowest Astronomical Tide" />
            <dat id="24" description="Local Datum" />
            <dat id="25" description="International Great Lakes Datum 1985" />
            <dat id="26" description="Mean Water Level" />
            <dat id="27" description="Lower Low Water Large Tide" />
            <dat id="28" description="Higher High Water Large Tide" />
            <dat id="29" description="Nearly Highest High Water" />
            <dat id="30" description="Highest Astronomical Tide (HAT)" />
        </datums>
        <lexicalLevels type="ATTF">
            <level id="0" description="Lexical Level 0" />
            <level id="1" description="Lexical Level 1" />
        </lexicalLevels>
        <lexicalLevels type="NATF">
            <level id="0" description="Lexical Level 0" />
            <level id="1" description="Lexical Level 1" />
            <level id="2" description="Lexical Level 2" />
        </lexicalLevels>
	  <metaObjects>
		<object acronym="M_COVR">
			<attribute acronym="CATCOV" value="1"/>
		</object>
	  </metaObjects>
	  <ProductFileZResolution value="0.00001"/>
    </product>
</ProductTable>
