<?xml version="1.0" encoding="UTF-8"?>
<!-- This file contains parameter configurations for the CUBE algorithm. -->
<!--    Distance Exponent:  This parameter is used to control the exponential growth    -->
<!--                        of a soundings vertical uncertainty as a function of distance from the node. -->
<!--                        The value must be between 1.0 and 10.0.  The original system default value is 2.0.-->
<!--    Queue Length: The length of the pre-filtered queue that CUBE uses before assimilating data into -->
<!--                        a node.  The filter length must be an odd number between 3 and 101.  The original -->
<!--                        system default value is 11 -->
<!--    Quotient Limit: The outlier quotient upper allowable limit.  The value must be between -->
<!--                        0.1 and 255.0.  The original system default value is 255.0.  -->
<!--    Discount Factor: The discount factor for evolution noise variance. The value must be between -->
<!--                        0.8 and 1.0.  The original system default value is 1.0.   -->
<!--    Estimate Offset: The threshold for significant offset from current estimate to warrant an intervention -->
<!--                        creation of a new hypothesis.  The value must be between 0.1 and 10.0.   The original -->
<!--                        system default value is 4.0. -->
<!--    Bayes Factor Threshold: Bayes factor threshold for either a single estimate, or -->
<!--                        the worst-case recent sequence to warrant an intervention.  Value must be  -->
<!--                        between 0.001 and 10.0. -->
<!--    Run_Length_Threshold: Run-length threshold for worst-case recent sequence to indicate  -->
<!--                        a drift failure and hence to warrant an intervention.  Value must be between -->
<!--                        1 and 10. The original system default value is 5.  -->
<!--    Capture_Distance_Scale: Scale on predicted or estimated depth for how far out to accept data. -->
<!--                        Value is a percentage of depth used to limit the radius of influence a sounding may have on the grid. -->
<!--                        Value must be between 1.00 and 100.00.  The original system default value is 5.0.  -->
<!--    Capture_Distance_Min: The minimum value (in metres) on predicted or estimated depth for how far out to accept data. -->
<!--                        This value is used in conjunction with the Capture_Distance_Scale to limit the radius or influence of a sounding. -->
<!--                        Value must be between 0.0 and 100.00.  The original system default value is 0.5.  -->
<!--    Horiz_Error_Scalar: The value used to scale the horizontal error of each sounding when used in the radius of influence computation. -->
<!--                        Value must be between 0.0 and 10.00.  The original system default value is 2.95 (99% CI).  -->
<!--    Density_Strength_Cutoff: The strength value used to switch from the 'density' disambiguation -->
<!--                        method to the 'locale' version when using the density & locale algorithm.  When the strength value  -->
<!--                        returned from the 'density' disambiguation method exceeds this value, the algorithm switches to  -->
<!--                        the 'locale' test.  Value must be between 0.00 and 5.00.  The original system default value is 2.0.  -->
<!--    Locale_Strengh_Max: The maximum strength value that is allowed to be considered as part of the-->
<!--                        mean in the locale algorithm.  Value must be between 0.00 and 5.00.  The original system default value is 2.50. -->
<!--    Locale_Radius: The radius of the search when computing the trimmed mean.  Values are in pixels.  Value must be greater than 0.-->
<!--                        The original system default value is 1. -->
<!--    Null_Hypothesis_Min_Neighbours: During the Null hypothesis test, this controls the minimum number of neighbours -->
<!--                        that a node must have in order to be considered for the std deviation ratio test.  If the node has less -->
<!--                        the specified number, it is automatically marked as 'Null'.  Values must be between 2 and 8.  The original system -->
<!--                        default value is  3.  -->
<!--    Null_Hypothesis_Ratio: During the Null hypothesis test, this represents the cut-off limit for the ratio of the standard deviation -->
<!--                        including the node in question to the standard deviation of the qualified neighbouring nodes.  If the computed ratio -->
<!--                        exceeds the specified value, the node is marked as 'Null'.  Values must be between 0.0 and 10.0.  The original -->
<!--                        system default value is 3.0. -->
<!--    Null_Hypothesis_Strength_Max: The maximum strength value that is allowed to be considered as part of the  -->
<!--                        standard deviation computations in the NULL hypothesis test.  Value must be between 0.00 and 5.00.  -->
<!--                        The original system default value is 2.50. -->
<!--    Enable_Null_Hypothesis: Flag used to control the application of the NULL hypothesis test.  Value must be either True or False.  -->
<!--                        Default system value is False. -->
<CARIS_CUBE_Parameters version="2.0">
	<ParameterSet Configuration_Name="NOAA_0.5m">
       <Comment value="The 2017 field season parameters for NOAA field units for the CUBE algorithm on a 0.5 meter surface."/>
       <Distance_Exponent value="2.0"/>
       <Queue_Length value="11"/>
       <Quotient_Limit value="255.0"/>
       <Discount_Factor value="1.0"/>
       <Estimate_Offset value="4.0"/>
       <Bayes_Factor_Threshold value="0.135"/>
       <Run_Length_Threshold value="5"/>
       <Capture_Distance_Scale value="0.5"/>
       <Capture_Distance_Min value="0.354"/>
       <Horiz_Error_Scalar value="1.96"/>
       <Density_Strength_Cutoff value="2.00"/>
       <Locale_Strengh_Max value="2.5"/>
       <Locale_Radius value="1"/>
       <Null_Hypothesis_Min_Neighbours value="3"/>
       <Null_Hypothesis_Ratio value="3.0"/>
       <Null_Hypothesis_Strength_Max value="2.5"/>
       <Enable_Null_Hypothesis value="False"/>  
    </ParameterSet>
	<ParameterSet Configuration_Name="NOAA_1m">
       <Comment value="The 2017 field season parameters for NOAA field units for the CUBE algorithm on a 1 meter surface."/>
       <Distance_Exponent value="2.0"/>
       <Queue_Length value="11"/>
       <Quotient_Limit value="255.0"/>
       <Discount_Factor value="1.0"/>
       <Estimate_Offset value="4.0"/>
       <Bayes_Factor_Threshold value="0.135"/>
       <Run_Length_Threshold value="5"/>
       <Capture_Distance_Scale value="0.5"/>
       <Capture_Distance_Min value="0.707"/>
       <Horiz_Error_Scalar value="1.96"/>
       <Density_Strength_Cutoff value="2.00"/>
       <Locale_Strengh_Max value="2.5"/>
       <Locale_Radius value="1"/>
       <Null_Hypothesis_Min_Neighbours value="3"/>
       <Null_Hypothesis_Ratio value="3.0"/>
       <Null_Hypothesis_Strength_Max value="2.5"/>
       <Enable_Null_Hypothesis value="False"/>  
    </ParameterSet>
	<ParameterSet Configuration_Name="NOAA_2m">
       <Comment value="The 2017 field season parameters for NOAA field units for the CUBE algorithm on a 2 meter surface."/>
       <Distance_Exponent value="2.0"/>
       <Queue_Length value="11"/>
       <Quotient_Limit value="255.0"/>
       <Discount_Factor value="1.0"/>
       <Estimate_Offset value="4.0"/>
       <Bayes_Factor_Threshold value="0.135"/>
       <Run_Length_Threshold value="5"/>
       <Capture_Distance_Scale value="0.5"/>
       <Capture_Distance_Min value="1.414"/>
       <Horiz_Error_Scalar value="1.96"/>
       <Density_Strength_Cutoff value="2.00"/>
       <Locale_Strengh_Max value="2.5"/>
       <Locale_Radius value="1"/>
       <Null_Hypothesis_Min_Neighbours value="3"/>
       <Null_Hypothesis_Ratio value="3.0"/>
       <Null_Hypothesis_Strength_Max value="2.5"/>
       <Enable_Null_Hypothesis value="False"/>  
    </ParameterSet>
	<ParameterSet Configuration_Name="NOAA_4m">
       <Comment value="The 2017 field season parameters for NOAA field units for the CUBE algorithm on a 4 meter surface."/>
       <Distance_Exponent value="2.0"/>
       <Queue_Length value="11"/>
       <Quotient_Limit value="255.0"/>
       <Discount_Factor value="1.0"/>
       <Estimate_Offset value="4.0"/>
       <Bayes_Factor_Threshold value="0.135"/>
       <Run_Length_Threshold value="5"/>
       <Capture_Distance_Scale value="0.5"/>
       <Capture_Distance_Min value="2.828"/>
       <Horiz_Error_Scalar value="1.96"/>
       <Density_Strength_Cutoff value="2.00"/>
       <Locale_Strengh_Max value="2.5"/>
       <Locale_Radius value="1"/>
       <Null_Hypothesis_Min_Neighbours value="3"/>
       <Null_Hypothesis_Ratio value="3.0"/>
       <Null_Hypothesis_Strength_Max value="2.5"/>
       <Enable_Null_Hypothesis value="False"/>  
    </ParameterSet>
	<ParameterSet Configuration_Name="NOAA_8m">
       <Comment value="The 2017 field season parameters for NOAA field units for the CUBE algorithm on a 8 meter surface."/>
       <Distance_Exponent value="2.0"/>
       <Queue_Length value="11"/>
       <Quotient_Limit value="255.0"/>
       <Discount_Factor value="1.0"/>
       <Estimate_Offset value="4.0"/>
       <Bayes_Factor_Threshold value="0.135"/>
       <Run_Length_Threshold value="5"/>
       <Capture_Distance_Scale value="0.5"/>
       <Capture_Distance_Min value="5.656"/>
       <Horiz_Error_Scalar value="1.96"/>
       <Density_Strength_Cutoff value="2.00"/>
       <Locale_Strengh_Max value="2.5"/>
       <Locale_Radius value="1"/>
       <Null_Hypothesis_Min_Neighbours value="3"/>
       <Null_Hypothesis_Ratio value="3.0"/>
       <Null_Hypothesis_Strength_Max value="2.5"/>
       <Enable_Null_Hypothesis value="False"/>  
    </ParameterSet>
	<ParameterSet Configuration_Name="NOAA_16m">
       <Comment value="The 2017 field season parameters for NOAA field units for the CUBE algorithm on a 16 meter surface."/>
       <Distance_Exponent value="2.0"/>
       <Queue_Length value="11"/>
       <Quotient_Limit value="255.0"/>
       <Discount_Factor value="1.0"/>
       <Estimate_Offset value="4.0"/>
       <Bayes_Factor_Threshold value="0.135"/>
       <Run_Length_Threshold value="5"/>
       <Capture_Distance_Scale value="0.5"/>
       <Capture_Distance_Min value="11.312"/>
       <Horiz_Error_Scalar value="1.96"/>
       <Density_Strength_Cutoff value="2.00"/>
       <Locale_Strengh_Max value="2.5"/>
       <Locale_Radius value="1"/>
       <Null_Hypothesis_Min_Neighbours value="3"/>
       <Null_Hypothesis_Ratio value="3.0"/>
       <Null_Hypothesis_Strength_Max value="2.5"/>
       <Enable_Null_Hypothesis value="False"/>  
    </ParameterSet>
	<ParameterSet Configuration_Name="NOAA_32m">
       <Comment value="The 2017 field season parameters for NOAA field units for the CUBE algorithm on a 32 meter surface."/>
       <Distance_Exponent value="2.0"/>
       <Queue_Length value="11"/>
       <Quotient_Limit value="255.0"/>
       <Discount_Factor value="1.0"/>
       <Estimate_Offset value="4.0"/>
       <Bayes_Factor_Threshold value="0.135"/>
       <Run_Length_Threshold value="5"/>
       <Capture_Distance_Scale value="0.5"/>
       <Capture_Distance_Min value="22.627"/>
       <Horiz_Error_Scalar value="1.96"/>
       <Density_Strength_Cutoff value="2.00"/>
       <Locale_Strengh_Max value="2.5"/>
       <Locale_Radius value="1"/>
       <Null_Hypothesis_Min_Neighbours value="3"/>
       <Null_Hypothesis_Ratio value="3.0"/>
       <Null_Hypothesis_Strength_Max value="2.5"/>
       <Enable_Null_Hypothesis value="False"/>  
    </ParameterSet>
<ParameterSet Configuration_Name="NOAA_VR">
    <Comment value="The 2017 field season parameters for NOAA field units for the CUBE algorithm on a CARIS VR surface."/>
    <Distance_Exponent value="2"/>
    <Queue_Length value="11"/>
    <Quotient_Limit value="255"/>
    <Discount_Factor value="1"/>
    <Estimate_Offset value="4"/>
    <Bayes_Factor_Threshold value="0.135"/>
    <Run_Length_Threshold value="5"/>
    <Capture_Distance_Scale value="0.5"/>
    <Capture_Distance_Min value="0.354"/>
    <Horiz_Error_Scalar value="1.96"/>
    <Density_Strength_Cutoff value="2"/>
    <Locale_Strengh_Max value="2.5"/>
    <Null_Hypothesis_Min_Neighbours value="3"/>
    <Null_Hypothesis_Ratio value="3"/>
    <Locale_Radius value="1"/>
    <Null_Hypothesis_Strength_Max value="2.5"/>
    <Enable_Null_Hypothesis value="False"/>
  </ParameterSet>
 </CARIS_CUBE_Parameters>