<?xml version="1.0" encoding="UTF-8" standalone="no"?><CARISDictionary Version="1">
    <AttributeClasses>
        <AttributeClass Acronym="areout" ID="1298" Type="ENUMERATION">
            <Name>Outline for area object</Name>
            <Description/>
            <Remarks>The outline can be used to display or not display an area outline</Remarks>
            <ExpectedValues>
                <ExpectedValue Description="Yes" Value="1"/>
                <ExpectedValue Description="No" Value="2"/>
            </ExpectedValues>
        </AttributeClass>
        <AttributeClass Acronym="dbkyid" ID="1041" Type="STRING">
            <Name>Database Key ID</Name>
            <Description/>
            <Remarks>User defined database key ID</Remarks>
        </AttributeClass>
        <AttributeClass Acronym="obstim" ID="1305" Type="ALPHANUMERIC">
            <Name>Observed time</Name>
            <Description>The date and time that the object was observed</Description>
            <DisplayFormat>CCYYMMDDThhmmss</DisplayFormat>
        </AttributeClass>
        <AttributeClass Acronym="obsdpt" DatumType="Sounding" ID="1306" Type="FLOAT" UnitType="Depth" Units="Metres">
            <Name>Observed depth</Name>
            <Description>The depth of the object when it was observed</Description>
            <DisplayFormat>#####.##</DisplayFormat>
        </AttributeClass>
        <AttributeClass Acronym="remrks" ID="1118" Type="STRING">
            <Name>Remarks</Name>
            <Description/>
            <Remarks>Field observations</Remarks>
        </AttributeClass>
        <AttributeClass Acronym="recomd" ID="1119" Type="STRING">
            <Name>Recommendations</Name>
            <Description/>
            <Remarks>Recommendations from the carto lab</Remarks>
        </AttributeClass>
        <AttributeClass Acronym="tidadj" DatumType="Sounding" ID="1307" Type="FLOAT" UnitType="Depth" Units="Metres">
            <Name>Tidal adjustment</Name>
            <Description>The value of the tide</Description>
            <DisplayFormat>#####.##</DisplayFormat>
        </AttributeClass>
        <AttributeClass Acronym="tidfil" ID="1308" Type="STRING">
            <Name>Tide Correction File</Name>
            <Description>The file used for Tide Correction</Description>
        </AttributeClass>
        <AttributeClass Acronym="updtim" ID="1220" Type="DATE">
            <Name>Update Time</Name>
            <Description/>
            <Remarks>Date and time stamp of an update to an object</Remarks>
        </AttributeClass>
        <AttributeClass Acronym="userid" ID="1117" Type="STRING">
            <Name>Unique ID</Name>
            <Description/>
            <Remarks>Unique ID - NOAA Dispname</Remarks>
        </AttributeClass>
    </AttributeClasses>
    <ObjectClasses>
        <ObjectClass Acronym="m_pyup" ExternalID="313" ID="313" Type="META">
            <Name>Pydro update data</Name>
            <Description>This object class stores the Pydro source file name for future updates.</Description>
        </ObjectClass>
    </ObjectClasses>
</CARISDictionary>