<?xml version="1.0" encoding="UTF-8"?><CARISDictionary Version="1">
    <AttributeClasses>
	<AttributeClass Acronym="obstim" ID="1305" Type="ALPHANUMERIC">
            <Name>Observed time</Name>
            <Description>The date and time that the object was observed</Description>
            <DisplayFormat>CCYYMMDDThhmmss</DisplayFormat>
        </AttributeClass>
        <AttributeClass Acronym="descrp" ID="2000" Type="ENUMERATION">
            <Name>Description</Name>
            <Description/>
            <Remarks>Describes category of feature as New, Update, Delete, Retain, or Not Addressed</Remarks>
            <ExpectedValues>
                <ExpectedValue Description="New" Value="1"/>
                <ExpectedValue Description="Update" Value="2"/>
                <ExpectedValue Description="Delete" Value="3"/>	
                <ExpectedValue Description="Retain" Value="4"/>
		<ExpectedValue Description="Not Addressed" Value="5"/>
            </ExpectedValues>
        </AttributeClass>
        <AttributeClass Acronym="asgnmt" ID="2001" Type="ENUMERATION">
            <Name>Assignment flag</Name>
            <Description/>
            <Remarks>Indicates whether a feature is assigned or not</Remarks>
            <ExpectedValues>
                <ExpectedValue Description="Unassigned" Value="1"/>
                <ExpectedValue Description="Assigned" Value="2"/>
		<ExpectedValue Description="For Info Only" Value="3"/>	
            </ExpectedValues>
        </AttributeClass>
        <AttributeClass Acronym="prmsec" ID="2002" Type="ENUMERATION">
            <Name>Status-Primary/Secondary flag</Name>
            <Description/>
            <Remarks>Indicates whether a feature is primary or secondary when correlating</Remarks>
            <ExpectedValues>
                <ExpectedValue Description="Primary" Value="1"/>
                <ExpectedValue Description="Secondary" Value="2"/>
                <ExpectedValue Description="Pending" Value="3"/>			  
	      	</ExpectedValues>
        </AttributeClass>
        <AttributeClass Acronym="images" ID="2003" Type="RASTER">
            <Name>Images</Name>
            <Description>Indicates whether a pictorial representation of the object is available.</Description>
            <References>INT 1: IE 3.1-2; M-4: 456.5; 457.3;</References>
            <Remarks>The attribute 'pictorial representation' indicates whether a   pictorial representation of the object is available.       The 'pictorial representation' could be a drawing or a   photo. This attribute supports the use of an   information-system. A user of an ECDIS can call up this   'pictorial presentation' to get more information of a   particular object, i.e. a beacon, a coastline. </Remarks>
            <DisplayFormat>tif</DisplayFormat>
        </AttributeClass>
        <AttributeClass Acronym="onotes" ID="2004" Type="STRING">
            <Name>Office Notes</Name>
            <Description/>
            <Remarks>Office notes associated with feature</Remarks>


        </AttributeClass>
	<AttributeClass Acronym="sftype" ID="2005" Type="ENUMERATION">
            <Name>Special Feature Type</Name>
            <Description/>
            <Remarks>Describes Special Feature Type as ATON, AWOIS or DTON</Remarks>
            <ExpectedValues>
                <ExpectedValue Description="ATON" Value="1"/>	
                <ExpectedValue Description="AWOIS" Value="2"/>	
                <ExpectedValue Description="DTON" Value="3"/>
		<ExpectedValue Description="MARITIME BOUNDARY" Value="4"/>
		<ExpectedValue Description="LIDAR INVESTIGATION" Value="5"/>
            </ExpectedValues>
        </AttributeClass>
	<AttributeClass Acronym="keywrd" ID="2006" Type="STRING">
            <Name>Keyword</Name>
            <Description/>
            <Remarks>Customized keyword(s) for processing/querying</Remarks>
            <DisplayFormat>NAME (max.  80 char.)</DisplayFormat>
        </AttributeClass>
	<AttributeClass Acronym="acqsts" ID="2007" Type="ENUMERATION">
            <Name>Acquisition Status</Name>
            <Description/>
            <Remarks>Status of acuisition</Remarks>
            <ExpectedValues>
                <ExpectedValue Description="Investigate" Value="1"/>	
                <ExpectedValue Description="Resolved" Value="2"/>	
            </ExpectedValues>
        </AttributeClass>
	<AttributeClass Acronym="cnthgt" ID="2008" Type="FLOAT">
            <Name>Contact Height</Name>
            <Description/>
            <Remarks>Height of a contact e.g. from CARIS SIPS</Remarks>
            <DisplayFormat>####.###</DisplayFormat>
        </AttributeClass>
	<AttributeClass Acronym="invreq" ID="2009" Type="STRING">
            <Name>Investigation Requirements</Name>
            <Description/>
            <Remarks>Specific instructions for investigation requirements/expectations</Remarks>
            <DisplayFormat>NAME (max.  80 char.)</DisplayFormat>
        </AttributeClass>
	<AttributeClass Acronym="prkyid" ID="2010" Type="STRING">
            <Name>Primary Key ID</Name>
            <Description/>
            <Remarks>The "Database Key ID" of Primary feature</Remarks>
            <DisplayFormat>NAME (max.  10 char.)</DisplayFormat>
        </AttributeClass>
        <AttributeClass Acronym="COLOUR" ExternalID="75" ID="75" Type="LIST">
            <Name>Colour</Name>
            <Description/>
            <References>INT 1: IP 11.1; IP 11.2; IP 11.3; IP 11.4; IP 11.6; IP 11.8; IP 11.5; IP 11.7; M-4: 450.2-3; 450.2-3; 450.2-3; 450.2-3; 450.2-3; 450.2-3; 450.2-3; 450.2-3;</References>
            <Remarks>The attribute 'colour' encodes the various colours. This   attribute is not to be used for the colour of navigational   marks, these colours should be coded using the attribute   'colour of navigational mark' (COLMAR).</Remarks>
            <ExpectedValues>
                <ExpectedValue Description="-" Value="0"/>
                <ExpectedValue Description="white" Value="1"/>
                <ExpectedValue Description="black" Value="2"/>
                <ExpectedValue Description="red" Value="3"/>
                <ExpectedValue Description="green" Value="4"/>
                <ExpectedValue Description="blue" Value="5"/>
                <ExpectedValue Description="yellow" Value="6"/>
                <ExpectedValue Description="grey" Value="7"/>
                <ExpectedValue Description="brown" Value="8"/>
                <ExpectedValue Description="amber" Value="9"/>
                <ExpectedValue Description="violet" Value="10"/>
                <ExpectedValue Description="orange" Value="11"/>
                <ExpectedValue Description="magenta" Value="12"/>
                <ExpectedValue Description="pink" Value="13"/>
                <ExpectedValue Description="Unknown" Value="701"/>
                <ExpectedValue Description="Multiple" Value="702"/>
                <ExpectedValue Description="Not Applicable" Value="703"/>
                <ExpectedValue Description="Other" Value="704"/>
            </ExpectedValues>
        </AttributeClass>
        <AttributeClass Acronym="NATQUA" ExternalID="114" ID="114" Type="LIST">
            <Name>Nature of surface - qualifying terms</Name>
            <Description/>
            <References>INT 1: IJ 30; IJ 31; IJ 32; IJ 33; IJ 34; IJ 35; IJ 36; IJ 37; IJ 38; IJ 39; M-4: 425.5-6; 425.5-6; 425.5-6; 425.5-6; 425.5-6; 425.5-6; 425.5-6; 425.5-6; 425.5-6; 425.5-6;</References>
            <Remarks>The attribute 'nature of surface - qualifying terms' encodes   the nature of various forms of natural surface materials in   terms of their size, morphology and consistency.</Remarks>
            <ExpectedValues>
                <ExpectedValue Description="-" Value="0"/>
                <ExpectedValue Description="fine" Value="1">
                    <Description>falls within the smallest size continuum for a particular nature of surface term. (M-4 425.6)</Description>
                </ExpectedValue>
                <ExpectedValue Description="medium" Value="2">
                    <Description>falls within the moderate size continuum for a particular nature of surface term. (M-4 425.6)</Description>
                </ExpectedValue>
                <ExpectedValue Description="coarse" Value="3">
                    <Description>falls within the largest size continuum for a particular nature of surface term. (M-4 425.6)</Description>
                </ExpectedValue>
                <ExpectedValue Description="broken" Value="4">
                    <Description>fractured or in pieces. (adapted from Webster's II New Riverside Dictionary, 1984)</Description>
                </ExpectedValue>
                <ExpectedValue Description="sticky" Value="5">
                    <Description>having an adhesive or glue like property. (adapted from Webster's II New Riverside Dictionary, 1984)</Description>
                </ExpectedValue>
                <ExpectedValue Description="soft" Value="6">
                    <Description>not hard or firm. (adapted from Webster's II New Riverside Dictionary, 1984)</Description>
                </ExpectedValue>
                <ExpectedValue Description="stiff" Value="7">
                    <Description>not pliant; thick, resistant to flow. (adapted from Webster's II New Riverside Dictionary, 1984)</Description>
                </ExpectedValue>
                <ExpectedValue Description="volcanic" Value="8">
                    <Description>composed of or containing material ejected from a volcano. (adapted from Webster's II New Riverside Dictionary, 1984)</Description>
                </ExpectedValue>
                <ExpectedValue Description="calcareous" Value="9">
                    <Description>composed of or containing calcium or calcium carbonate. (IHO Dictionary, S-32, 5th Edition, 603)</Description>
                </ExpectedValue>
                <ExpectedValue Description="hard" Value="10">
                    <Description>firm; usually refers to an area of the sea floor not covered by unconsolidated sediment. (IHO Dictionary, S-32, 5th Edition, 2194 and adapted from Webster's II New Riverside Dictionary, 1984)</Description>
                </ExpectedValue>
                <ExpectedValue Description="Unknown" Value="701"/>
                <ExpectedValue Description="Multiple" Value="702"/>
                <ExpectedValue Description="Not Applicable" Value="703"/>
                <ExpectedValue Description="Other" Value="704"/>
            </ExpectedValues>
        </AttributeClass>
        <AttributeClass Acronym="DRVAL1" DatumType="Sounding" ExternalID="87" ID="87" Type="FLOAT" UnitType="Depth" Units="m">
            <Name>Depth range value 1</Name>
            <Description>The minimum (shoalest) value of a depth range.</Description>
            <References>INT 1: II 21; IM 6; M-4: 414; 432.4; 434.3-4;</References>
            <Remarks>The attribute 'depth range value 1' encodes the minimum   value of a depth range e.g. of a depth area. Where the area   dries the value is negative.   Indication: Unit:defined in the DUNI subfield of the DSPM record or in the DUNITS attribute of the M_UNIT meta object class, e.g. metre (m) Resolution:0.1m or 0.1fm or 0.1ft  Example: 50for a minimum depth of 50 metres  </Remarks>
            <DisplayFormat>#####.####</DisplayFormat>
        </AttributeClass>
        <AttributeClass Acronym="DRVAL2" DatumType="Sounding" ExternalID="88" ID="88" Type="FLOAT" UnitType="Depth" Units="m">
            <Name>Depth range value 2</Name>
            <Description>The maximum (deepest) value of a depth range.</Description>
            <References>INT 1: II 21; IM 6; M-4: 414; 432.4; 434.3-4;</References>
            <Remarks>The attribute 'depth range value 2' encodes the maximum   value of a depth range e.g. of a depth area. Where the area   dries the value is negative.   Indication: Unit:defined in the DUNI subfield of the DSPM record or in the DUNITS attribute of the M_UNIT meta object class, e.g. metre (m) Resolution:0.1m or 0.1fm or 0.1ft  Example: 100for a maximum depth of 100 metres </Remarks>
            <DisplayFormat>#####.####</DisplayFormat>
        </AttributeClass>
        <AttributeClass Acronym="ELEVAT" DatumType="Vertical" ExternalID="90" ID="90" Type="FLOAT" UnitType="Height" Units="m">
            <Name>Elevation</Name>
            <Description>The altitude of the ground level of an object, measured from a specified vertical datum.</Description>
            <References>INT 1: IC 10-13; IH 20; M-4: 352.1-2; 302.2; 405;</References>
            <Remarks>No remarks  Indication: Unit:defined in the HUNI subfield of the DSPM record or in the HUNITS attribute of M_UNIT meta class, e.g. metre (m) Resolution:0.1m or 0.1ft  Example: 47for an elevation of 47 metres.</Remarks>
            <DisplayFormat>###.###</DisplayFormat>
        </AttributeClass>
	<AttributeClass Acronym="HEIGHT" DatumType="Vertical" ExternalID="95" ID="95" Type="FLOAT" UnitType="Height" Units="m">
            <Name>Height</Name>
            <Description>The value of the vertical distance to the highest point of the object, measured from a specified vertical datum.</Description>
            <References>INT 1: IC 14; IE 4; IK 10-11; M-4: 302; 352.4; 421.1-2;</References>
            <Remarks>The value of the vertical distance to the highest point of the object, measured from a specified vertical datum.  Height must not be used for floating objects.   Indication: Unit:defined in the HUNI subfield of the DSPM record or in the M_UNIT meta object class, e.g. metre (m) Resolution:0.1m or 0.1ft  Example: 73for a height of 73 metres.</Remarks>
            <DisplayFormat>###.###</DisplayFormat>
        </AttributeClass>
        <AttributeClass Acronym="HORACC" ExternalID="97" ID="97" Type="FLOAT" UnitType="Ground" Units="m">
            <Name>Horizontal accuracy</Name>
            <Description>The best estimate of the horizontal accuracy of horizontal clearance and distances.</Description>
            <Remarks>The expected input is the radius of the two-dimensional error.  The error is assumed to be positive and negative. The plus/minus character shall not be encoded.  Indication: Unit:defined in the HUNI subfield of the DSPM record or in the HUNITS attribute of the M_UNIT meta object class, e.g. metre (m) Resolution:0.1m or 0.1ft  Example: 0.5for an error of 0.5 metre.</Remarks>
            <DisplayFormat>##.###</DisplayFormat>
        </AttributeClass>
        <AttributeClass Acronym="POSACC" ExternalID="401" ID="401" Type="FLOAT" UnitType="Position" Units="m">
            <Name>Positional accuracy</Name>
            <Description/>
            <Remarks>The best estimate of the accuracy of a position.  Indication: Unit:defined in the PUNI subfield of the DSPM record, e.g. metre (m) Resolution:0.1m or 0.1mm  Example: 25for an error of 25 metres</Remarks>
            <DisplayFormat>####.###</DisplayFormat>
        </AttributeClass>
        <AttributeClass Acronym="SOUACC" ExternalID="144" ID="144" Type="FLOAT" UnitType="Depth" Units="m">
            <Name>Sounding accuracy</Name>
            <Description/>
            <Remarks>No remarks  Indication: Unit:defined in the DUNI subfield of the DSPM record or in the DUNITS attribute of the M_UNIT meta object class, e.g. metre (m) Resolution:0.1m or 0.1fm or 0.1ft  Example: 0.3for a maximum error of 0.3 metre   </Remarks>
            <DisplayFormat>##.###</DisplayFormat>
        </AttributeClass>
        <AttributeClass Acronym="VALDCO" DatumType="Sounding" ExternalID="174" ID="174" Type="FLOAT" UnitType="Depth" Units="m">
            <Name>Value of depth contour</Name>
            <Description>The depth of a sea bottom contour.</Description>
            <References>INT 1: II 30; M-4: 410; 411;</References>
            <Remarks>The attribute 'value of depth contour' encodes the depth of   a sea bottom contour.       Drying contours are indicated by a negative value.   Indication: Unit:defined in the DUNI subfield of the DSPM record or in the DUNITS attribute of the M_UNIT meta object class, e.g., metre (m) Resolution:0.1m or 0.1fm or 0.1ft  Example: 50for a depth contour of 50 metres. </Remarks>
            <DisplayFormat>#####.####</DisplayFormat>
        </AttributeClass>
        <AttributeClass Acronym="VALSOU" DatumType="Sounding" ExternalID="179" ID="179" Type="FLOAT" UnitType="Depth" Units="m">
            <Name>Value of sounding</Name>
            <Description>The value of the measurement of a sounding relative to the chart datum.</Description>
            <References>INT 1: II 10, 11, 14, 15; M-4: 410; 412; 413.1;</References>
            <Remarks>This attribute 'value of sounding' encodes the value of the   measurement of a sounding relative to the chart datum.       Drying heights are indicated by a negative value.   Indication: Unit:defined in the DUNI subfield of the DSPM record or in the DUNITS attribute of the M_UNIT meta object class,  e.g. metre (m) Resolution:0.1m or 0.1fm or 0.1ft  Example: 18.2for a sounding of 18.2 metres -2.4for a drying height of 2.4 metres </Remarks>
            <DisplayFormat>#####.####</DisplayFormat>
        </AttributeClass>
    </AttributeClasses>
</CARISDictionary>