<?xml version="1.0" encoding="UTF-8"?>
<CatalogueControlFactory Version="1.0">
<!-- NOAA Catalogue Control Version 5.5 -->
    <Product Name="NOAA Profile Version 5.5" Id="1" Version="2.0">
        <Profile Type="XML" Name="%S57Config%\system\NOAA Profile Version 5.5.xml" />
	  <Dictionary Type="XML" Name="%S57Config%\system\NOAAunifiedPool.xml" />
	  <Dictionary Type="XML" Name="%S57Config%\system\notebookPool.xml" />
	  <Dictionary Type="XML" Name="%S57Config%\system\BathyExtensionPool.xml" />
	  <Dictionary Type="XML" Name="%S57Config%\system\S5731Pool.xml" /> 
    </Product>
	<Product Name="S-57 ENC 3.1" Id="1" Version="2.0">
        <Profile Type="XML" Name="%S57Config%\system\S5731Profile.xml"/>
          <Dictionary Type="XML" Name="%S57Config%\system\S5731Pool.xml"/>
    </Product>
 </CatalogueControlFactory>
