<?xml version="1.0" encoding="UTF-8"?>

<!-- This file defines the units of measurement used by the application(s). -->
<!-- The formula used to relate a particular unit to its equivalent in metres is
     [x(a1/a2) + b]=x in metres.  If a2 = 1 the formula can be simplified to [x(a) + b]. -->
<!-- The "Resolution Factor" tag refers to the default resolution (number of decimals)
     used by the application for calculations.  The default value is 10 if nothing else is specified.
     It is not recommended to have a number greater than 15. -->
<!-- The "Precision" tag refers to the default precision (number of decimals) displayed by the application.
     E.g. "2" means two decimals places will be displayed. -->
<!-- Units used for measuring depth are fixed.  These include Metres, Int. Feet, US Survey Feet,
     Int. Fathoms, and US Survey Fathoms. -->

<UnitsTable
  xmlns:xsi="http://www.w3.org/2001/XMLSchema-instance"
  xsi:noNamespaceSchemaLocation="UnitsTableSchema.xsd"
>
    <Version Number="2.4"/>
    <Resolution Factor="10" />
    <System Key="SI" Name="Metric System">
        <Type Key="length" Name="Length">
            <Unit Key="m" Name="Metres" Label="m" a="1" b="0" Precision="3"/>
            <Unit Key="km" Name="Kilometres" Label="km" a="1000" b="0" Precision="3"/>
            <Unit Key="nm" Name="Int. Nautical Miles" Label="NM" a="1852" b="0" Precision="3"/>
            <Unit Key="cm" Name="Centimetres" Label="cm" a=".01" b="0" Precision="1"/>
            <Unit Key="mm" Name="Millimetres" Label="mm" a=".001" b="0" Precision="0"/>
            <Unit Key="cable" Name="Cables" Label="cables" a="185.2" b="0"/>
        </Type>
        <Type Key="area" Name="Area">
            <Unit Key="m2" Name="Square Metres" Label="m^2" a="1" b="0" Precision="3"/>
            <Unit Key="km2" Name="Square Kilometres" Label="km^2" a="1000000" b="0" Precision="3"/>
            <Unit Key="nm2" Name="Square Int. Nautical Miles" Label="NM^2" a="3429904" b="0" Precision="3"/>
        </Type>
        <Type Key="volume" Name="Volume">
            <Unit Key="m3" Name="Cubic Metres" Label="m^3" a="1" b="0" Precision="3"/>
        </Type>
        <Type Key="speed" Name="Speed">
            <Unit Key="m/s" Name="Metres/Second" Label="m/s" a="1" b="0" Precision="3"/>
            <Unit Key="km/h" Name="Kilometres/Hour" Label="km/h" a1="1000" a2="3600" b="0" Precision="3"/>
            <Unit Key="kn" Name="Knots" Label="kn" a1="1852" a2="3600" b="0" Precision="3"/>
        </Type>
        <Type Key="angular" Name="Angular">
            <Unit Key="rad" Name="Radians" Label="rad" a="1" b="0" Precision="3"/>
            <Unit Key="deg" Name="Degrees" Label="deg" a1="pi" a2="180" b="0" Precision="3"/>
        </Type>
        <Type Key="angular speed" Name="Angular Speed">
            <Unit Key="rad/s" Name="Radians / Second" Label="rad/s" a="1" b="0" Precision="3"/>
            <Unit Key="deg/s" Name="Degrees / Second" Label="deg/s" a1="pi" a2="180" b="0" Precision="3"/>
        </Type>
        <Type Key="time" Name="Time">
            <Unit Key="sec" Name="Seconds" Label="sec" a="1" b="0" Precision="3"/>
            <Unit Key="min" Name="Minutes" Label="min" a="60" b="0" Precision="3"/>
            <Unit Key="hour" Name="Hours" Label="hrs" a="3600" b="0" Precision="3"/>
            <Unit Key="day" Name="Days" Label="day" a="86400" b="0" Precision="3"/>
            <Unit Key="week" Name="Weeks" Label="week" a="604800" b="0" Precision="3"/>
        </Type>
        <Type Key="decibel cat" Name="Decibel Cat">
            <Unit Key="dB" Name="Decibel" Label="dB" a="1" b="0" Precision="3"/>
        </Type>
    </System>
    <System Key="UK-Imp" Name="British Imperial">
        <Type Key="length" Name="Length">
            <Unit Key="ft" Name="Imperial Feet" Label="ft" a="0.3048" b="0" Precision="3"/>
            <Unit Key="yd" Name="Imperial Yards" Label="yd" a="0.9144" b="0" Precision="3"/>
            <Unit Key="in" Name="Inches" Label="in" a=".0254" b="0" Precision="3"/>
            <Unit Key="fm" Name="Imperial Fathoms" Label="fm" a="1.8288" b="0" Precision="3"/>
            <Unit Key="mi" Name="Int. Miles" Label="mi" a="1609.344" b="0" Precision="3"/>
            <Unit Key="inm" Name="Imperial Nautical Miles" Label="NM" a="1853.184" b="0" Precision="3"/>
        </Type>
        <Type Key="volume" Name="Volume">
            <Unit Key="ft3" Name="Imperial Cubic Feet" Label="ft^3" a="0.028316846592" b="0" Precision="3"/>
        </Type>
        <Type Key="speed" Name="Speed">
            <Unit Key="ft/s" Name="Imperial Feet/Second" Label="ft/s" a="0.3048" b="0" Precision="3"/>
            <Unit Key="mi/h" Name="Int. Miles/Hour" Label="mi/h" a1="1609.344" a2="3600" b="0" Precision="3"/>
        </Type>
    </System>
    <System Key="US-Imp" Name="US Imperial">
        <Type Key="length" Name="Length">
            <Unit Key="usft" Name="US Survey Feet" Label="ft" a1="1200" a2="3937" b="0" Precision="3"/>
            <Unit Key="usyd" Name="US Survey Yards" Label="yd" a1="3600" a2="3937" b="0" Precision="3"/>
            <Unit Key="usfm" Name="US Survey Fathoms" Label="fm" a1="7200" a2="3937" b="0" Precision="3"/>
            <Unit Key="usmi" Name="US Survey Miles" Label="mi" a1="6336000" a2="3937" b="0" Precision="3"/>
            <Unit Key="ch" Name="US Chains" Label="ch" a="20.1168" b="0" Precision="3"/>
            <Unit Key="usnm" Name="US Survey Nautical Miles" Label="NM" a="1853.249" b="0" Precision="3"/>
        </Type>
        <Type Key="speed" Name="Speed">
            <Unit Key="usft/s" Name="US Survey Feet/Second" Label="ft/s" a1="1200" a2="3937" b="0" Precision="3"/> 
            <Unit Key="usmi/h" Name="US Survey Miles/Hour" Label="mi/h" a1="1760" a2="3937" b="0" Precision="3"/>
        </Type>
    </System>
    <Directions>
        <Area>
            <Unit Key="m2"/>
            <Unit Key="km2"/>
            <Unit Key="nm2"/>
        </Area>
        <Ground>
            <Unit Key="m"/>
            <Unit Key="km"/>
            <Unit Key="nm"/>
            <Unit Key="ft"/>
            <Unit Key="usmi"/>
        </Ground>
        <Depth>
            <Unit Key="m"/>
            <Unit Key="ft"/>
            <Unit Key="fm"/>
        </Depth>
        <Height>
            <Unit Key="m"/>
            <Unit Key="ft"/>
        </Height>
        <Speed>
            <Unit Key="m/s"/>
            <Unit Key="km/h"/>
            <Unit Key="kn"/>
        </Speed>
        <RateOfTurn>
            <Unit Key="rad/s"/>
            <Unit Key="deg/s"/>
        </RateOfTurn>
        <Rotation>
            <Unit Key="rad"/>
            <Unit Key="deg"/>
        </Rotation>
    </Directions>
</UnitsTable>
